,youtuber,url,category
0,Nick Jr.,https://www.youtube.com/user/nickelodeonjuniorfr ,Film & Animation
1,SQUEEZIE,https://www.youtube.com/user/aMOODIEsqueezie ,Gaming
2,Swan The Voice - N√©o & Swan,https://www.youtube.com/channel/UCzYC9ss2P77Ry2LzIDL5Xsw ,Entertainment
3,DORETDEPLATINE,https://www.youtube.com/user/julsaintjean ,Music
4,FilmsActu,https://www.youtube.com/user/Filmsactu ,Film & Animation
5,L'Algerino,https://www.youtube.com/user/LalgerinoOfficiel ,Music
6,Soprano Officiel,https://www.youtube.com/user/officielsoprano ,Music
7,The Voice : la plus belle voix,https://www.youtube.com/channel/UCQRELbX0H5FCokIFxOAsHFA ,Entertainment
8,SkyrockFM,https://www.youtube.com/user/SkyrockFMlaRadio ,Music
9,R√©mi GAILLARD,https://www.youtube.com/user/nqtv ,Comedy
10,Anas,https://www.youtube.com/user/MrLebledart ,Gaming
11,Lama Fach√©,https://www.youtube.com/channel/UCH0XvUpYcxn4V0iZGnZXMnQ ,Education
12,Amixem,https://www.youtube.com/user/FPSCoopGameplays ,Gaming
13,Peppa Pig Fran√ßais - Cha√Æne Officielle,https://www.youtube.com/channel/UCXptamDYEVcU4JCio30hYTw ,Film & Animation
14,Aya Nakamura,https://www.youtube.com/channel/UC-69vhXlCa3XHbF8JHCQHfg ,Music
16,GameMixTreize,https://www.youtube.com/user/GameMixTreize ,Gaming
17,Lartiste Officiel,https://www.youtube.com/user/lartisteofficiel ,Music
18,Niska Officiel,https://www.youtube.com/user/MineursEnrages ,Film & Animation
19,Universal Music France,https://www.youtube.com/user/UniversalMusicFrance ,Music
20,BRICO SYMPA,https://www.youtube.com/channel/UC9TJezP2M1ADmUYVl8hrQ2A ,Howto & Style
21,Scorpio Music,https://www.youtube.com/user/scorpiodigital ,Music
22,PNL,https://www.youtube.com/channel/UCtBjt766LG9EDVKZx4Q4IHw ,Music
23,Comptines et chansons,https://www.youtube.com/user/comptines ,Film & Animation
24,Ma√Ætre GIMS,https://www.youtube.com/channel/UCCB1Byx5yTbLpQaV-rlfmtA ,Music
25,Les Anges - La cha√Æne officielle,https://www.youtube.com/channel/UC_ATXX0ACFwsGvJsFJBoLMQ ,People & Blogs
26,Soolking Officiel,https://www.youtube.com/channel/UCz6JjQtnK9XjMwKuqlEkRxw ,Music
27,Mhd Officiel,https://www.youtube.com/channel/UCvebOuGWNvuUpZBzpV_Bc9Q ,Music
28,L'atelier de Roxane,https://www.youtube.com/channel/UC3rxwrZSiTp6Kk2RXcyHtCA ,Howto & Style
29,Wankil Studio - Laink et Terracid,https://www.youtube.com/user/MiniprodFR ,Gaming
30,We Are Kids United,https://www.youtube.com/channel/UCrUlt5TwS6OUD8xpC36EBvw ,Music
31,Siphano,https://www.youtube.com/user/Siphano13 ,Gaming
32,CYRILmp4,https://www.youtube.com/user/SUP3RKONARfr ,Gaming
33,Nickelodeon France,https://www.youtube.com/user/nickelodeonfr ,Film & Animation
34,Polo,https://www.youtube.com/user/CouilleBleuGaming ,Gaming
35,sam zirah,https://www.youtube.com/user/MrSamDiamonds ,People & Blogs
36,Lolywood,https://www.youtube.com/channel/UCSse-lNI1DQ4w-8lh7vfPUw ,Comedy
37,Le Rire Jaune,https://www.youtube.com/user/LeRiiiiiiiireJaune ,Comedy
38,SYMPA,https://www.youtube.com/channel/UCt6IQpsggvn6zmalhPglSEA ,People & Blogs
39,Golden Moustache,https://www.youtube.com/user/GoldenMoustacheVideo ,Comedy
40,Guillaume Pley,https://www.youtube.com/user/guillaumepley ,Entertainment
41,Ninho,https://www.youtube.com/channel/UCXdHJabqwLJ3NvPfx6XmS5Q ,Music
42,Happy Music,https://www.youtube.com/user/happymusic ,Music
43,Patrick S√©bastien,,Entertainment
44,Grizzy & les Lemmings,,Education
45,HugoPOSAY,,Gaming
46,DAYMOLITION,,Music
47,Play On Label,,Music
48,The Voice Kids France,,Entertainment
49,Cheb Bilal - ÿßŸÑÿ¥ÿßÿ® ÿ®ŸÑÿßŸÑ,,Music
50,SQUEEZIE GAMING,,Entertainment
51,Amr Maskoun | ÿπŸÖÿ±Ÿà ŸÖÿ≥ŸÉŸàŸÜ,,Entertainment
52,Caillou en Fran√ßais - WildBrain,,Film & Animation
53,D√©mo Jouets,,Entertainment
54,Sara'h Officiel,,Music
55,Osratouna tv - ŸÇŸÜÿßÿ© ÿ£ÿ≥ÿ±ÿ™ŸÜÿß,,Music
56,Studio Bagel,,Comedy
57,WildBrain en Fran√ßais,,Entertainment
58,Fuze III,,Gaming
59,Frigiel,,Gaming
60,FastGoodCuisine,,Howto & Style
61,MIRACULOUS - Les aventures de Ladybug et Chat Noir,,Film & Animation
62,Les Patapons,,
63,CaravanPalace,,Music
64,Petit Ours Brun,,People & Blogs
65,Skyrroz,,Gaming
66,Astuces du Panda,,Howto & Style
67,Cartoon Network France,,Film & Animation
68,Sofiane Officiel,,Music
69,Le Monde √† L'Envers,,Comedy
70,Aypierre,,Gaming
71,Les Parodie Bros,,Comedy
72,JOYCA,,Music
73,Wass Freestyle,,Sports
74,XILAM TV,,People & Blogs
75,Dr Nozman,,Science & Technology
76,Booska-P.com,,Entertainment
77,EnjoyPhoenix,,Howto & Style
78,Les P'tits z'Amis,,Film & Animation
79,Un gars une fille | Officiel,,Comedy
80,Djadja & Dinaz,,Music
81,Kader Japonais Officiel,,Music
82,VodK,,Entertainment
83,BRICOLER EN S'AMUSANT,,Howto & Style
84,Rabbids Invasion,,Education
85,Topito,,Entertainment
86,LeHuffPost,,People & Blogs
87,MichouOff,,Entertainment
88,Kids Tv Fran√ßaise - chansons de b√©b√©,,People & Blogs
89,SEB,,Comedy
90,Freememeskids,,Entertainment
91,LeBouseuh,,Gaming
92,On n'est pas couch√©,,Entertainment
93,On n'demande qu'√† en rire,,Comedy
94,Mafiastunting,,Gaming
95,HeyKids - Chansons Pour Enfants,,Education
96,Bloqu√©s,,Comedy
97,LES BOYS TV,,People & Blogs
98,DJ Kayz,,Music
99,CBC Benna,,People & Blogs
100,Sora,,Gaming
101,StormShadowCrew,,Entertainment
102,Greg Guillotin,,People & Blogs
103,Guillaume & Kim,,Gaming
104,20th Century Fox France,,Film & Animation
105,Koba LaD,,People & Blogs
106,Ma petite TV,,People & Blogs
107,JennyMusic,,Music
108,Poisson F√©cond,,Entertainment
109,Newtiteuf,,Gaming
110,CodFamilya _,,Comedy
111,Pyjamasques,,Entertainment
112,4KEUS Officiel,,Music
113,BabyZone,,Gaming
114,Orange Maroc,,Howto & Style
115,Valouzz,,Gaming
116,Trash,,Science & Technology
117,Europe 1,,News & Politics
118,Africa Jungle,,Music
119,Bandes Annonces Cin√©ma,,Film & Animation
120,Touni Toys,,Entertainment
121,Ellie's Magic World,,People & Blogs
123,Les Lapins Cr√©tins Invasion,,People & Blogs
124,IbraTV,,Entertainment
125,WB Kids Fran√ßais,,Film & Animation
126,JEREMSTAR,,People & Blogs
127,Sam le Pompier,,Film & Animation
128,Agentgb,,Gaming
129,LoryLyn,,Howto & Style
130,Foot Mercato,,Sports
131,Jojol,,Science & Technology
132,NexTaz,,Gaming
133,ZeratoR,,Gaming
134,Dr Bot,,People & Blogs
135,WooHoo FR,,People & Blogs
136,Heuss L'Enfoir√©,,Music
137,StudioKoco,,Gaming
138,Chiki-Piki,,Entertainment
139,Daniil le Russe,,Comedy
140,Chefclub,,Howto & Style
141,Le Grand Conseil,,Film & Animation
142,Boomerang France,,Film & Animation
143,Fahd El,,Comedy
144,Amir,,Entertainment
145,PlayComedyClub,,Entertainment
146,SAM LE SLIME,,People & Blogs
147,JULIAN & ALICIA Channel Kids,,Entertainment
148,MrAntoineDaniel,,Comedy
149,Mokeur'Best Of,,People & Blogs
150,RecordMakers,,
151,France tv sport,,Sports
152,Cin√©S√©ries - Trailers FR,,Film & Animation
153,Monsieur Seby,,Entertainment
154,Moussier Tombola,,People & Blogs
155,AidenShow,,Gaming
156,Unwin,,Gaming
157,Monsieur Faucon,,Entertainment
158,Hornet La Frappe,,Music
159,OKLMofficial,,Entertainment
160,Le Royaliste,,Gaming
161,Hassan,,Music
162,Doc Seven,,Education
163,Dooms,,Gaming
164,JuniorTV,,Comedy
165,ESMA Movies,,Film & Animation
166,BFA,,Gaming
167,Investigations et Enqu√™tes,,News & Politics
168,Capitaine Kirk,,Gaming
169,VDBUZZ,,People & Blogs
170,Mademoiselle‚òÖSabina,,People & Blogs
171,Dessin Anim√© en Fran√ßais,,Film & Animation
172,Ed Banger Records,,Music
173,MrLEV12 ÃÅs LIFE,,Gaming
174,Ina Chansons,,Music
175,Logobi New Generation,,Music
176,Ivan Bede,,Comedy
177,Le Parisien,,News & Politics
178,TIM,,Film & Animation
179,Cin√©ma Cin√©mas,,Film & Animation
180,TINA Turner Blog,,Music
181,XTreme Video,,Sports
182,EnjoyVlogging,,People & Blogs
183,Gulli,,Entertainment
184,Mogador Edition,,Music
185,Dub inc,,Music
186,ADRI GEEK,,Gaming
187,Gu'Live,,Comedy
188,Lou Musique Officiel,,People & Blogs
189,T√©l√©foot,,Sports
190,Danse avec les stars,,Entertainment
191,Devovo,,Gaming
192,Mastu,,Comedy
193,AKRAMJUNIOR DAILY,,Autos & Vehicles
194,KirbendoWorld,,Gaming
195,RK OFFICIEL,,Music
196,CANAL+,,Entertainment
197,VITAA & SLIMANE,,Music
198,Manu Chao,,Music
199,DC Kids Fran√ßais,,Film & Animation
200,ZRKGlitcher,,Gaming
201,Galax,,Gaming
202,Famille Hauser - Jouets pour enfants,,Film & Animation
203,D1gitalSound,,Music
204,StiM,,Gaming
205,BabyChouFamily,,Howto & Style
206,Super Heros Et Compagnie Jouets,,Entertainment
207,Seinhor9,,Gaming
208,Rose Moony,,Music
209,Mister You Officiel,,Music
210,ChuChu TV Fran“´ais - Comptines et Chansons,,Education
211,Little Baby Bum en Fran√ßais,,Education
212,Lidl France,,People & Blogs
213,Farod,,Gaming
214,Foot 2 Rue / Foot 2 Rue Extr√™me,,Sports
215,L'√©toile Noire,,People & Blogs
216,Oxilac,,Gaming
217,TROTRO OFFICIEL üá´üá∑,,Education
218,Le Show Jaune,,Comedy
219,HUGEL,,Music
220,ASWATTSTUDIOCHANNEL,,Music
221,Riding Zone,,Sports
222,Get The Sound,,People & Blogs
223,Documentaire Soci√©t√©,,Entertainment
224,JEUXACTU,,Gaming
225,Garry's School,,Gaming
226,Benjamin Verrecchia,,Entertainment
227,Pok√©mon Trash,,Gaming
228,L.E.J,,Music
229,Maellia et Maman d'Amour,,Entertainment
230,√Ä B√©b√© Chansons,,People & Blogs
231,Christine and the Queens,,Music
232,Gabin et Lili,,Film & Animation
233,Le Tatou,,Film & Animation
234,L√©na Situations,,People & Blogs
235,PLK TV,,Music
236,Khaled Freak,,People & Blogs
237,Kery James,,Music
238,ElTerribleProduction,,
239,VINSKY,,Sports
240,Alexlxl68,,Gaming
241,Jericho¬Æ,,Entertainment
242,Kebou Officiel,,Gaming
243,AuCin√©,,Film & Animation
244,Teeqzy,,Gaming
245,Simon [Officiel],,Film & Animation
246,Call of Duty: Quartier G√©n√©ral,,Entertainment
247,Trois Caf√©s Gourmands,,Music
248,Jaymax VI,,Comedy
249,JuniorTV Life,,Comedy
250,Les Cin√©mas Path√© Gaumont,,Film & Animation
251,Ina Talk Shows,,Entertainment
252,Dessin Anim√© En Francais,,Film & Animation
253,Sissy MUA,,Sports
254,Maouno,,People & Blogs
255,Moto Journal,,Autos & Vehicles
256,Inoxtag,,Gaming
257,imineo Documentaires,,Pets & Animals
258,PRINCE,,Gaming
259,Emy LTR,,Howto & Style
260,AfricaShows: 1√®re cha√Æne de divertissement en Afrique,,Music
261,Alexandre Calvez,,Howto & Style
262,JIGM√â,,Comedy
263,L√©vanah SOLOMON's Family,,Entertainment
264,Timal Official,,Music
265,francetv slash,,Entertainment
266,KiiYii en Fran√ßais,,Entertainment
267,Domingo,,Gaming
268,Nat Geo France,,Science & Technology
269,Hayce Lemsi,,Music
270,MORO Officiel,,Music
271,Rose Carpet,,Howto & Style
272,Juste Zo√©,,Entertainment
273,Jeff Panacloc,,Comedy
274,DTF,,Music
275,01TV,,Science & Technology
276,cuisinerapide,,Howto & Style
277,MISLICIOUS Paris,,Entertainment
278,Oh My Goal - France,,Sports
279,Ganginou !,,Gaming
280,Les Amis de Boubi,,People & Blogs
281,FabienOlicard,,Entertainment
282,Patafoin,,Film & Animation
283,Kira,,Gaming
284,Naito75,,Gaming
285,Ben 10 Fran√ßais,,Entertainment
286,TheDollBeauty,,Howto & Style
287,Comment √ßa va bien !,,Entertainment
288,flowtaee,,Entertainment
289,Columbine,,Music
290,Mamytwink,,Gaming
291,AMELINA KIDS,,Entertainment
292,Footstyle TV,,Sports
293,LeChefOtaku,,Entertainment
294,Elams Officiel,,Music
295,Justice,,Music
296,SNAP TV R√âALIT√â,,People & Blogs
297,Claire la Sir√®ne,,Entertainment
298,les Segpa,,Comedy
299,Quotidien,,Entertainment
300,LE FOOT EN VID√âO,,Sports
301,Thoomas,,People & Blogs
302,Zap T√©l√©,,Entertainment
303,MoKeY,,Gaming
304,Superbrioche666,,Gaming
305,Kawaboumga,,Gaming
306,scoot 2 street,,Film & Animation
307,NOUVELLES 24H,,People & Blogs
308,France T√©l√©visions,,Entertainment
309,PUN,,Gaming
310,Koffi OLOMIDE,,People & Blogs
311,Les DegunsTV,,Comedy
312,Faites entrer l'accus√©,,News & Politics
313,Herv√© Cuisine,,Howto & Style
314,Maxa prodedit/Fremar,,Music
315,Baco Records,,Music
316,Mahdi Ba,,Gaming
317,Rapelite.com,,Entertainment
318,Bilal Hassani,,Entertainment
319,Taratata,,Entertainment
320,Moise Mbiye Officiel,,Music
321,Shadobass,,Gaming
322,Jorian Ponomareff,,Autos & Vehicles
323,Mary - Frozencrystal,,Gaming
324,Crunchyroll FR,,Entertainment
325,REVO,,Entertainment
326,Therapie TAXI,,Music
327,EXTREME INEAMM,,Autos & Vehicles
328,Darko,,Entertainment
329,Diabolofeat35,,Gaming
330,BlackBird !,,Gaming
331,D√©lires de Max,,Comedy
332,Satine Wall√©,,Music
333,R7 - Realken7,,Entertainment
334,Yo Menita,,
335,grognougnou,,Gaming
336,LeFouBruiteur,,Entertainment
337,TwinneR,,Gaming
338,Taupe10,,Entertainment
339,Mes Telenovelas,,Film & Animation
340,Lexity,,Gaming
341,STEVEN,,Science & Technology
342,Trapa,,Gaming
343,PAT,,Comedy
344,Mel & Alex Family,,Entertainment
345,La Vie,,Entertainment
346,Nefistarifler,,Howto & Style
347,Jbzz,,Gaming
348,Gu√™pier Music,,Music
349,Romantica TV - 100% Telenovelas,,Film & Animation
350,CamaraProductionTV,,Autos & Vehicles
351,Duo,,Entertainment
352,Memecorp,,Comedy
353,Les Vid√©os de Riles,,Entertainment
354,jenesuispasjolie,,Howto & Style
355,BestMoviesScenes,,Sports
356,Comptines pour b√©b√© KidooyTv,,Education
357,Cha√Æne secondaire de Jigm√©,,Comedy
358,Cine KIDS Francais,,Film & Animation
359,HOOSS,,Music
360,Julien Chi√®ze,,Gaming
361,Fr33ZeR,,Gaming
362,BIRDYY,,Gaming
363,Gambino,,Music
364,DALY TALIANI,,Music
365,Serhat More,,Comedy
366,EpicTV,,Sports
367,Lyna Mahyem,,Music
368,KaraL,,Gaming
369,PI-WAN,,People & Blogs
370,EMOJOIE CUISINE,,Howto & Style
371,Fondation 30 Millions d'Amis,,Pets & Animals
372,Medine,,Music
373,Marcus27500,,Gaming
374,Carl is cooking,,Howto & Style
375,Game Movie Land,,Gaming
376,SOUF,,Music
377,TechNews&Tests,,Science & Technology
378,WejdeneOfficiel,,Music
379,Kriss Papillon,,Comedy
380,Jojo Bernard,,Entertainment
381,Jahyanai King,,Music
382,diego morissou,,People & Blogs
383,PikaShoute,,Gaming
384,Oui Oui officiel (francais),,Film & Animation
385,Alrima Officiel,,People & Blogs
386,Emma CakeCup,,Howto & Style
387,Neoxi,,Comedy
388,Alexandre CORMONT (officiel),,Howto & Style
389,Plata o Plomo,,Music
390,SouKa,,Gaming
391,JirayaTV,,Comedy
392,Yvan Monka,,Education
393,Alex Tamburini,,Entertainment
394,Torlk,,Gaming
395,Sulivan Gwed,,Entertainment
396,Wankil Studio - Les VOD,,Gaming
397,LIDEAL,,Entertainment
398,DreamWorksTV Fran√ßais,,Film & Animation
399,Google France,,Science & Technology
400,TheFragHD,,Gaming
401,PierreG ASMR,,Entertainment
402,Kirby-54,,Comedy
403,Laupok,,Gaming
404,M. Gurung,,Music
405,[ Unchained ],,Gaming
406,On n'est plus des pigeons !,,Howto & Style
407,medici.tv,,Entertainment
408,Rim'k,,Music
409,Le Petit Royaume de Ben et Holly,,Film & Animation
410,Potins.net,,People & Blogs
411,Les Inachev√©s,,Comedy
412,Antoine Dyvrande - PSG_14,,Comedy
413,LeBonPlanDuGeek,,Gaming
414,Pauleta,,Gaming
415,La Maison des Maternelles,,Entertainment
416,LOCKLEAR,,Gaming
417,BatFlunch,,Gaming
418,Eureka,,People & Blogs
419,Kyoh Productions,,Music
420,Aurelien Fontenoy,,Sports
421,Tamil Speedy,,People & Blogs
422,ROMY,,Howto & Style
423,La Quotidienne,,Howto & Style
424,Fildrong,,Gaming
425,Cry Babies Magic Tears en Fran√ßais,,Pets & Animals
426,Fantastic Music,,Music
427,JeanBaptisteShow,,Gaming
428,Renaud,,Music
429,Mamkalo,,Entertainment
430,Studio Danielle,,Comedy
431,Hooper.fr,,Gaming
432,Unsterbliicher,,Gaming
433,Sinik Officiel,,Music
434,MattRach,,Music
435,Walid Noxss,,Music
436,SEPHORAFRANCE,,Howto & Style
437,G√©n√©ration Club Do,,Music
438,StarLadder Dota 2,,Gaming
439,MakeupChic119,,Howto & Style
440,MissouMakeup,,Howto & Style
441,6Medias,,News & Politics
442,Affranchis Music,,People & Blogs
443,Majestic Records,,Music
444,Emala Jiss,,Entertainment
445,Mickalow,,Gaming
446,Lesmyst√®res,,Film & Animation
447,BIZBIZ,,Gaming
448,THEREALVIKING1,,Entertainment
449,HugoD√©crypte,,News & Politics
450,MrQuoty,,Gaming
451,WorldSupercars,,Autos & Vehicles
452,NemsYT,,Gaming
453,Sofyan,,Film & Animation
454,Johannaisamazing !,,Film & Animation
455,Un Regard 9,,People & Blogs
456,Plan√®te Coloriage,,Entertainment
457,CoD Forlan,,Entertainment
458,MRC RAP,,Music
459,jolate,,Gaming
460,Parents !,,Entertainment
461,aLaN FoodChallenge,,Entertainment
462,TysyTube Restoration,,Howto & Style
463,Laurette,,Howto & Style
464,LeStream Replay,,Gaming
465,Pinpin et Lili,https://www.youtube.com/channel/UCbDEy7q3RG2_vGiM-ZXPqrw ,Entertainment
466,AZULEK,,Entertainment
467,FRANCK ROPERS,,Sports
468,MOTOR LIVE,,Autos & Vehicles
469,Georges le petit singe,,
470,Option Auto,,Autos & Vehicles
471,e-dison,,Entertainment
472,Jennyni20 (Epic Music),,Music
473,123 GO! Gold French,https://www.youtube.com/channel/UCn2ze7TxEBCDJY0SX_SGy6w ,Entertainment
474,Lawra Meschi,,Comedy
475,BAMADA-CITY 223,,Music
476,Motorsport Magazine,,Autos & Vehicles
477,TheiCollection,,Science & Technology
478,MIKA LASH,,Sports
479,Napo,,Entertainment
480,Bigflo et Oli,,Music
481,Adem&Bilal,,Entertainment
482,Africa Mandingue,,Comedy
483,LRB - Solary,,Gaming
484,e-penser,,Education
485,L'Effet Papillon,,
486,Le Latte Chaud,,Comedy
487,Black Traap,,Comedy
488,Sophie Fantasy,,Howto & Style
489,Brice Gaming Z,,Gaming
490,Beyblade,,Film & Animation
491,Laser Production,,Gaming
492,TFOU,,Entertainment
493,ADAM LE RIGOLOW,,Entertainment
494,"Enzo, Tais-Toi !",,Entertainment
495,Oximoz,,Gaming
496,Morgan VS,,Entertainment
497,Gurky,,Entertainment
498,JESSYMITATION,,Comedy
499,ArgEntrepreneur,,Entertainment
500,TheBellyDancers.TV,,Entertainment
501,MademoiselleGloria,,Entertainment
502,IN-S Officiel,,Music
503,BUG-MAN-FR Movies,,Gaming
504,COOPA,,Gaming
505,Experimentboy,,Science & Technology
506,Hugo Roth Raza,,Music
507,AYA LEVEL,,Entertainment
508,Ina Soci√©t√©,,People & Blogs
509,Solary Kinstaar,,Gaming
510,DiMA DRAMA MCN,,Entertainment
511,Dan Field,,Gaming
512,AMEL TV,,News & Politics
513,Le Fossoyeur de Films,,Film & Animation
514,JustJonathan,,Entertainment
515,Tiboudouboudou,,Entertainment
516,EMH Music,,Music
517,Tech Me House,,Music
518,MALI BAMADA,,Music
519,Allo Maman,,People & Blogs
520,Kheiron,,Comedy
521,La maison des poup√©es,https://www.youtube.com/channel/UCuQG8afnel_DjZcZgcWo66A ,Film & Animation
522,TA√èRO TV,,Music
523,TonyFPS,,Gaming
524,LimousineStudio,,Film & Animation
526,Netflix France,,Entertainment
527,MarionCameleon,,Education
528,robert 87000,,Gaming
529,OMG Online,,Music
530,Pembe Cherole,,Comedy
531,Apprendre Le Fran√ßais Avec Om Nom,,Education
532,LE ROI DES RATS,,Comedy
533,AlphaCast,,Gaming
534,Sofia Vs Mathieu,,Entertainment
535,Gallious,,Gaming
536,TOUNY,,Gaming
537,Joue avec moi ‚ÄìJeux pour enfants,,Entertainment
538,Les Grosses T√™tes,,Entertainment
539,Litalici0us,,Music
540,INZKITCHEN,,Comedy
541,Kalipso53,,Gaming
542,Deujna,,Gaming
543,Because Music,,Music
544,McSkyz,,Gaming
545,Ninjaxx,,Gaming
546,Sundy Jules,,Entertainment
547,Maskey,,Comedy
548,Nanass,,Comedy
549,POTATOZ,,Comedy
550,OLYDRI,,Comedy
551,la r√©cr√© des ptits loups,,Film & Animation
552,Like Me,,Comedy
553,Leto,,Music
554,Moguiz,,Comedy
555,NRJ - Hit Music Only,https://www.youtube.com/user/Le6I9 ,Comedy
556,IRATH MUSIC,,Music
557,EUROPACORP,,Film & Animation
558,Gael2Toulon,,Gaming
559,GQ France,,Travel & Events
560,Automoto,,Autos & Vehicles
561,Sheshounet,,People & Blogs
562,Esther Lili Astuces naturel: cha√Æne ouverts √† tous,,Film & Animation
563,Anthox Colaboy,,Entertainment
564,Veyron,,Gaming
565,AstronoGeek,,Science & Technology
566,KENNY,,People & Blogs
567,SKG Officiel,,Music
568,20syl,,Music
569,La Villa,https://www.youtube.com/channel/UCeJ_T_MBn1stAhx53wvpRKw ,People & Blogs
570,EcoDaisy,,Howto & Style
571,G√©n√©ration Sitcoms,,Entertainment
572,MX18,,Gaming
573,Miraculous Fan_Fr,,Film & Animation
574,Echapp√©es belles ,https://www.youtube.com/channel/UC-HX7z7qJlbuYvhTa3VhGKQ ,Comedy
575,J4S5,,Education
576,Fort Boyard Officiel,,Entertainment
577,TV5MONDE Info,,News & Politics
578,Documentaire des animaux ,https://www.youtube.com/channel/UC-dWaFZOmdpG1EE09faT8Cg ,Pets & Animals
579,Louis-San,,Comedy
580,JeuxVideo.com,https://www.youtube.com/user/jvcom ,Gaming
581,Libyan Music,,Music
582,Mllex Chlo√©,,Howto & Style
583,famoseo,,People & Blogs
584,Bugatti,,Autos & Vehicles
585,Moonbug Kids en Fran√ßais,,Entertainment
586,GUIZMOW !,,Gaming
587,Car Patrol of Car City,,
588,UnknowMySkill,,Gaming
589,DESTINO POSITIVO,,Comedy
590,Disiz La Peste,,Music
591,douja monde,,People & Blogs
592,Fanta France,,Comedy
593,VeerDosE,,Gaming
594,Sing To God!,,Music
595,Marion et Anne-So,,Music
596,KIKANINAC,,Autos & Vehicles
597,Ubisoft France,https://www.youtube.com/user/UbisoftFR ,Gaming
598,JEAN-LUC M√âLENCHON,,News & Politics
599,MATMATAH,,Music
600,KamikazOfficiel,,Music
601,Ptikouik,,Entertainment
602,Doozy,,Entertainment
603,Superconeri,,Comedy
604,Nourh√®ne,,People & Blogs
605,Ad√®le,,Comedy
606,Lawson Penola,,Entertainment
607,Chap,,Gaming
608,OFF Productions,,Music
609,congofrance,,News & Politics
610,Mont Corvo,,Entertainment
611,MrGalagomusic,,Entertainment
612,Bob le bricoleur,,Film & Animation
613,Fullboss,,Gaming
614,SPICA LIFE,,Entertainment
615,Ayo Coralie,,Howto & Style
616,franceinfo,,News & Politics
617,Julia Kobus,,Howto & Style
618,DAHK'MAN,,Comedy
619,Coka√Øn.fr,,Entertainment
620,Les Super Nanas - The Powerpuff Girls,,Film & Animation
621,Le Toposcope,,Entertainment
622,Friends Trip - La cha√Æne officielle,,People & Blogs
623,Drixize,,Gaming
624,Petites Observations Automobiles,,Autos & Vehicles
625,Etienne LGF,,Pets & Animals
626,JustInCooking,https://www.youtube.com/channel/UCtBzfGaJzGGNJVOVM0mK4uQ ,Howto & Style
627,DjackBy9,,Gaming
628,DEOLYNK,,Gaming
629,L'atelier des Chefs,https://www.youtube.com/user/atelierdeschefs ,Howto & Style
631,NADEGE CANDLE,,Entertainment
632,Les Pizza Guys,,Gaming
633,Kaamelott,,Entertainment
634,Top Mercato,,Sports
635,Kihou,,Howto & Style
636,Kekraofficiel,,Music
637,Savoureux.tv,,Howto & Style
638,Sabrina sabi,,Howto & Style
639,C dans l'air,,News & Politics
640,ZAK STORM - Cha√Æne Officielle,,Film & Animation
641,Sant√© tous les jours,https://www.youtube.com/channel/UCNkTldIzXBuR3c1conBDvvw ,People & Blogs
642,AlaGT,,Film & Animation
643,KENTIN,,Entertainment
644,Eddie CuDi,,Comedy
645,Berb√®re T√©l√©vision,,News & Politics
646,Humility,,Gaming
647,Br√®ves de classe,,Film & Animation
648,G-ISLANDS - TENDANCES,,Music
649,Sud Radio,,News & Politics
650,Echapp√©es belles,,Travel & Events
651,WWEProduction,,Sports
652,OVERTECK,,Gaming
653,CINE PRIME,,Film & Animation
654,Jean K√©vin,,Gaming
655,BOOSTERZZ,,Gaming
656,ChrisDetek,,People & Blogs
657,Windeck - en fran√ßais,,Entertainment
658,David Novelas,,Film & Animation
659,RushSong RS -,,Film & Animation
660,France 3 Hauts-de-France,https://www.youtube.com/user/france3nord ,News & Politics
661,gobelins,,Film & Animation
662,Stervio,,Entertainment
663,Zack Nani,,Gaming
664,LeRequin92,,People & Blogs
665,YanissaXoxo,,People & Blogs
666,John 2.0,,Gaming
667,WeedifulTV,,Autos & Vehicles
668,esby,,Entertainment
669,Anil B,,Travel & Events
670,Marine LB,,Howto & Style
671,Xv Officiel,,Music
672,N√©ochrome Officiel,,Music
673,Chelxie,,People & Blogs
674,Anas170QI,,Entertainment
675,COLAS BIM,,Entertainment
676,L√©onard,,Comedy
677,Maile Akln,,Howto & Style
678,Dans Ton Corps,https://www.youtube.com/channel/UCOchT7ZJ4TXe3stdLW1Sfxw ,Comedy
679,PureBreak,,People & Blogs
680,YACETOM,,Comedy
681,INSTA-VIDEO,,Entertainment
682,French Baloo,,Entertainment
683,D4LYM0TI0N‚Ñ¢,,Gaming
684,Creapills,,Howto & Style
685,LEVY,,Sports
686,Iconoclaste,,Gaming
687,SowDred,,Sports
688,Moto et Motards,,Autos & Vehicles
689,Chloe stafler,,Music
690,√âNIGMES EN 7 SECONDES,,People & Blogs
691,Ma fleur d'oranger,,Howto & Style
692,SkyrrozTV,,Gaming
693,DarryVideoEdit,,People & Blogs
694,Studio Movie,,Comedy
695,Made In France ASMR,,Howto & Style
696,Sous √âcrous officiel,,Comedy
697,Snake Reptile,,Pets & Animals
698,Adz,,Gaming
699,DirtyBiology,,Science & Technology
700,T√©l√©-Loisirs,,Entertainment
701,Mister Z,,Film & Animation
702,Tequila,,Sports
703,Fusional sisters,,People & Blogs
704,Yhugo Slave,,
705,Souen,,Gaming
706,"David, de la cha√Æne Ganesh2",,Comedy
707,Vic V&F,,Entertainment
708,AF5,,Gaming
709,Cween Officiel,,Music
710,Kay,,Howto & Style
711,Chlo√© Magique,https://www.youtube.com/channel/UCpoW3FBJegpBocI4Y8qb01A ,Film & Animation
712,bricovideo.ovh,,Howto & Style
713,Vegle,,Gaming
714,debutdesoireemusic,,Music
715,Les News,,News & Politics
716,LIMITE-LIMITE,,Comedy
717,RAYTON,,Gaming
718,Tu mourras moins b√™te - ARTE,,Entertainment
719,LCI,https://www.youtube.com/channel/UCewhc0fvja891XkpIPGRMxQ ,News & Politics
720,"SeLoger, vous avez les cl√©s",https://www.youtube.com/user/seloger ,Howto & Style
721,Lilian31,,Gaming
722,LIMTV,,Music
723,OctoBoy,,Gaming
724,Georgioxv3,,Music
725,Rigolade pour enfants,,People & Blogs
726,Faits Int√©ressants,,Entertainment
727,Carrefour France,,Entertainment
728,MarcoLePh√©nix,,Film & Animation
730,netprof,,Education
731,L√©a Chipie,,Film & Animation
732,123 GO! Like French,https://www.youtube.com/channel/UC3BOY7RYXsVufopEkmgTkBA ,People & Blogs
733,Fraakarts,,Gaming
734,Ashtax,,Gaming
735,Gael TV,,Music
736,LuccassTV,,Gaming
737,EA SPORTS France,,Gaming
738,League of Legends - France,,Gaming
739,Babk√© 974,,Entertainment
740,FromHumanToGod,,Sports
741,Woa Piggy Baby,,
742,MONSIEUR KURO,,Comedy
743,Yoonns avec deux N,,Gaming
744,Djbattle,,Music
745,Ambr'Ouille,,Howto & Style
746,Knoetzie,,Film & Animation
748,HLG machinery,,People & Blogs
749,mozinor,,Comedy
750,naive records,,Music
751,Jok'Air,,People & Blogs
752,bonapp,,People & Blogs
753,Alex Levand,,Sports
754,RHHM Officiel,,Entertainment
755,Play Two,,Music
756,Alien,,Gaming
757,Mes secrets de nana,,Howto & Style
758,High Side,,Autos & Vehicles
759,Alex & PJ,,Entertainment
760,Yif,,Entertainment
761,Lidia Crochet Tricot,,Howto & Style
762,W38 - Test Mobile,,Science & Technology
763,DRYXIO,,Entertainment
764,L√©o - TechMaker,,Science & Technology
765,Amazon Prime Video France,,Entertainment
766,DavidFaitDesTops,,News & Politics
767,MrRatSuper,,Gaming
768,Les Bobodiouf,,Film & Animation
769,Thegrims TV,,Comedy
770,TUTO DESSIN,https://www.youtube.com/channel/UCvguBiw7WJ_cYh1grVxiBrw ,Entertainment
771,J'suis pas content TV,,Comedy
773,Le monde d'Ilyana,https://www.youtube.com/channel/UCehn0Q2K48a80HWQHDY7v_g ,Film & Animation
774,ShadobassOffi,,Entertainment
775,Ryanne and Sephora,,People & Blogs
777,Volkswagen France,,Autos & Vehicles
780,OUATHEFEUK TV,,Education
781,VRAX OFFICIEL,,Music
782,Serge le Mytho,,Entertainment
783,DanceMoms BOSS,,People & Blogs
784,Sparkix,,Gaming
785,esepelisa,,Entertainment
786,Kryptoo,,Entertainment
787,SHERYL ISAKO OFFICIAL,,Music
788,Fatemahisokay,,Howto & Style
789,TK 13,,Music
790,Fish,,Gaming
791,Demi Portion,,Music
792,Nino Arial,,Comedy
793,Jbala Tube,,People & Blogs
794,En3rgie5,,Gaming
795,YouCook Cuisine,,Howto & Style
796,FrAndroid,https://www.youtube.com/user/FrAndroidTube ,Science & Technology
797,Je t'aime etc,,Entertainment
798,ELLE,https://www.youtube.com/user/ELLEfr ,Howto & Style
799,Lyna Coeur D'ange Nightcore,,Music
800,Wisethug,https://www.youtube.com/channel/UCVynCj7L-ANcNLnh9QX4seQ ,Gaming
801,RihannaVEVOFr,,Music
802,MyFuckinMess,,Film & Animation
803,Ejayremy,,Entertainment
804,GussDx,,Film & Animation
805,VIRGINIE FAIT SA CUISINE,,Howto & Style
806,All Musculation,,Sports
807,Dylan Del Rey,,Comedy
808,Oussama Officiel,,Comedy
809,Monsieur GRrr [FR],,Science & Technology
810,le monde de mae,,Entertainment
811,Keyza,,Entertainment
812,Neosia,,Gaming
813,Mimoun Karlimox,,People & Blogs
814,SolangeTeParle,,Entertainment
815,T√©l√© Matin,,Entertainment
816,Nikola,,People & Blogs
817,Marsupilami,,Film & Animation
818,YA LEVIS DALWEAR MUSIC,,Music
819,Wooshes - Vincent Scalera,,Comedy
820,Bruno Dans La Radio,,Comedy
821,Forlan TV,,People & Blogs
822,sweet ness,,Howto & Style
823,Flamant Roze,,Comedy
824,DJ Youcef Officiel,,Music
826,JAFFNA TAMIL TV,,News & Politics
827,MissCr√©atives,,Entertainment
828,Evan Et Marco,,People & Blogs
829,NotreFamille.com Cuisine,,Howto & Style
830,L'Univers Pinypon,,Film & Animation
831,Samy Belmahdi,,Sports
832,SOAI,,Howto & Style
833,Henri Hihacks,,Science & Technology
834,Tout Compte Fait,,Entertainment
835,Rockloe,,Music
836,Mushway,,Gaming
837,Artek !,,Gaming
838,Reva Ytb,,Howto & Style
839,Chakeup,,Comedy
840,UFOvni2012,,Science & Technology
841,Taiwan Mc,,Music
842,fadinou,,Howto & Style
843,PlayStation France,,Gaming
844,Frite,,People & Blogs
845,Cottereau,,Education
846,Ryo Sensei,,People & Blogs
847,hors frontieres,,Travel & Events
848,Asma Fares,,Howto & Style
849,Skinra,,Gaming
850,GREED,,Autos & Vehicles
851,123 GO! Play French,,Entertainment
852,David Laroche FR,,Howto & Style
853,Hugo Lisoir,,Science & Technology
854,Ali Andreea,,Howto & Style
855,TAKA YAKA,,Howto & Style
856,LeGossipTube,,Sports
857,JesusChrist TV,,Education
858,loufitlove,,People & Blogs
860,AnnaRvr,,Howto & Style
861,RISIN' CREW,,Music
862,"1 jour, 1 question",,Education
863,CLABA Officiel,,Entertainment
864,Pidi,,Entertainment
865,Chocmiel,,Howto & Style
866,SO Style,,Howto & Style
867,SyFe,,Gaming
868,Frank Cotty,,Music
869,OBOY,,Music
870,alexsmolik,,Autos & Vehicles
871,Toopet,,Entertainment
872,Ptit Delire Tv,https://www.youtube.com/user/ptitdeliretv ,Entertainment
873,Florian Nguyen,,Comedy
874,TRUFFAUT,,Howto & Style
875,France 3 Occitanie,,Music
876,Bash Le Vaisseau Officiel,,Music
877,LOU! [Officiel],,Film & Animation
878,SUPERFLAME,https://www.youtube.com/user/superflameur ,Comedy
879,Nice Guys,,Music
880,NorniTUBE,,Entertainment
882,Cover Garden,,Music
883,Fraise La Petite F√©e,,People & Blogs
884,Les recettes d'une japonaise ,https://www.youtube.com/channel/UCt8iNzhAJONk3leOg0hoNYA ,People & Blogs
886,Sambich,,Comedy
887,Squadra Officiel,,Music
889,MYF Move Your Fit,,Sports
890,Sadhguru Fran√ßais,,People & Blogs
891,Edward Sad,,Entertainment
892,Hellcat,https://www.youtube.com/channel/UCfw2vZe-LCYVbkeRIfWkMuw ,Entertainment
893,Maman Doudou,https://www.youtube.com/channel/UCquu7N5HdQV40MLDfmyC6zw ,People & Blogs
894,Jouonsdanslepre,,Gaming
896,T√©l√©scoope - T√©l√©r√©alit√©,,People & Blogs
897,Best Of Sardoche,,Entertainment
898,Srambad,,Gaming
899,Red Binks,,Entertainment
900,Jarod Officiel,,Music
901,Mad Mag - La cha√Æne officielle,,People & Blogs
902,Kris & Shoury,,Entertainment
903,LOAGRI,,Autos & Vehicles
904,Mon Blog de Fille,https://www.youtube.com/user/Helenemonblogdefille ,Howto & Style
905,XEWER,,Gaming
906,Canal Crime,https://www.youtube.com/channel/UCnufe8IQlXp_iN2b8fO4Zcg ,Movies
907,Alys BOUCHER,,Howto & Style
908,Maison Kitsun√©,,Music
909,TBV Best of,,Entertainment
910,RAZAK,,Gaming
911,Liberto,,Comedy
912,Joelle Mardinian Stories,,People & Blogs
913,LNST,,Comedy
915,ZombiesFaktory,,Gaming
917,Djanyofficial,,Music
918,Walane,,Entertainment
919,Guillaume Laffon,,Travel & Events
920,LADB Restoration,,Science & Technology
921,HARI,,Gaming
922,ANONIMAL,,Science & Technology
923,Esile,,People & Blogs
924,Cash Investigation,,Entertainment
925,Arsenik,,Gaming
926,Banou,,Gaming
928,TheGuill84,,Gaming
929,CHRIS-RS,https://www.youtube.com/channel/UCWdXd19BKYm4D0Za_N3KbmQ/videos ,Autos & Vehicles
930,Re: Take,https://www.youtube.com/user/PizzaLauncher ,Comedy
931,MotoStation,https://www.youtube.com/user/MotoStationTV ,Autos & Vehicles
932,France Musique,https://www.youtube.com/channel/UCiPYZkZeNbYTQZKNMlB0Gsw ,
933,TSEW THE KID,https://www.youtube.com/user/madaboyz916 ,Music
934,RealityGamingTV,https://www.youtube.com/user/GlitchsHacksFR ,Shows
935,Le Sanctuaire Notre-Dame de Lourdes,https://www.youtube.com/user/LourdesWebTV ,Nonprofits & Activism
936,Adrenaline,,Autos & Vehicles
937,HouseOfRbb,,People & Blogs
938,Paris Match,,News & Politics
939,Kim & Guillaume,,Gaming
940,Family Films - Films Complets en Fran√ßais VF,,Film & Animation
942,At0mium,,Gaming
943,Florence Foresti,https://www.youtube.com/channel/UC7dhKLzjPzzUIpQYnhT2Lew ,People & Blogs
944,Espoir TV,https://www.youtube.com/channel/UCRkErRDL2k0hZqnWXMv68VQ ,Film & Animation
945,TF1,https://www.youtube.com/user/tf1 ,Entertainment
946,Solary,,Gaming
947,Bill Silverlight,,Gaming
948,Rendez-vous ASMR,,Howto & Style
950,Walid,,Music
951,PARIS ASMR,,People & Blogs
952,Savun,,Film & Animation
953,Wakz,,Gaming
954,Benji Farmer,,Gaming
955,STICKY,,Comedy
956,Flonoxx,,Gaming
957,Marseillais vs Le Reste Du Monde,,People & Blogs
958,TigerEye,,Gaming
959,Nea Batera,,Music
960,Clara Marz,,Film & Animation
961,Section Pull Up Officiel,,People & Blogs
962,Sudais,,Education
963,L'argus,,Autos & Vehicles
964,AwesomenessTV France,,People & Blogs
965,FunFun TV,,Film & Animation
966,Hanto Beatmaker,,Music
967,Sandra Relaxation ASMR,,Howto & Style
968,Babybel France,,Entertainment
969,INTHEPANDA,,Film & Animation
970,Guette l'ascension,,Music
971,Europe 1 Humour,https://www.youtube.com/channel/UCYN90Xg-gw0azafAnUbQHBg ,Entertainment
972,Laura R,,Howto & Style
973,Bon Entendeur,https://www.youtube.com/channel/UCtyBJBDL8dTRWJW_4gpttiA ,Music
974,Et tout le monde s'en fout,https://www.youtube.com/channel/UC-2EkisRV8h9KsHpslQ1gXA ,People & Blogs
975,Asfax,https://www.youtube.com/user/Asfax1 ,Gaming
976,Horseland en Fran√ßais - WildBrain,,Film & Animation
977,Bouygues Telecom,https://www.youtube.com/user/BouyguesTelecom ,Science & Technology
978,AmslowFR,,Gaming
979,Journal d'une maman,https://www.youtube.com/channel/UCRvV-spLcscXZpAfXfp2XoQ ,Howto & Style
980,Le Cargo !,https://www.youtube.com/user/cargovideo ,Music
981,Mr Nouar,https://www.youtube.com/user/PANDOREPECS ,Comedy
982,Tales From The Click,https://www.youtube.com/channel/UCJM10Rp7G0h9j5S92QszJ5Q ,Entertainment
983,Rustica,https://www.youtube.com/user/RusticaTV ,
984,SAPEUH,,Gaming
985,NAMOR*,,Comedy
986,Sushi,https://www.youtube.com/channel/UCBr0ztmSvbtkK5F28o9juhA ,Autos & Vehicles
987,Th√©o Gordy,,Entertainment
988,EPIC PIXEL BATTLE,,Entertainment
989,AmyOfficielTV,,Music
990,GKS Funny Kids,,Film & Animation
991,Camera Caf√©,,Comedy
992,Goulam,https://www.youtube.com/c/Goulam/videos ,Music
993,THE WORLD OF SISTERS,https://www.youtube.com/user/TheWorldOfSisters ,Howto & Style
994,Caballero & JeanJass,,Music
995,Defroi,https://www.youtube.com/user/TheDefroi ,Gaming
996,Spanox,https://www.youtube.com/channel/UCNFu6aU_t83efn52ZbsxvIQ ,Gaming
998,Lonni,https://www.youtube.com/channel/UCt6JSbhMrBxMzMUcrJ7f1Tw ,Comedy
999,Absol Vid√©os,https://www.youtube.com/user/absolvideos ,Education
,YouCook Cuisine¬† ,https://www.youtube.com/channel/UCT4mPf6yV7QJMhRSckfwghA ,
,Food Story ,https://www.youtube.com/channel/UCzyN_JSs95aDgDFrfOxagEw ,
,√âducation France ,https://www.youtube.com/user/EducationFrance ,
,euronews (en fran√ßais)¬† ,https://www.youtube.com/user/euronewsfr ,
,BMW France ,https://www.youtube.com/user/bmwfrance ,
,Machine Learnia ,https://www.youtube.com/channel/UCmpptkXu8iIFe6kfDK5o7VQ ,
,Computer Scientists ,https://www.youtube.com/channel/UChXy935RrhKDL3EtFcITM5w ,
,freeCodeCamp.org¬†,https://www.youtube.com/channel/UC8butISFwT-Wl7EV0hUK0BQ ,
,Grafikart.fr ,https://www.youtube.com/user/grafikarttv ,
,Science4All ,https://www.youtube.com/channel/UC0NCbj8CxzeCGIF6sODJ-7A ,
,Il √©tait une fois la p√¢tisserie ,https://www.youtube.com/channel/UCiq8sdtkxlzjkpx3fBiXqqw ,
